{
  "project_info": {
    "project_number": "908626301109",
    "project_id": "gym-data-83457",
    "storage_bucket": "gym-data-83457.firebasestorage.app"
  },
  "client": [
    {
      "client_info": {
        "mobilesdk_app_id": "1:908626301109:android:522d2bda5b74beeafa2efc",
        "android_client_info": {
          "package_name": "com.example.gymmaster"
        }
      },
      "oauth_client": [],
      "api_key": [
        {
          "current_key": "AIzaSyDAilzUQbqlgmV4jW-RGBoM7WBlvMk5qGY"
        }
      ],
      "services": {
        "appinvite_service": {
          "other_platform_oauth_client": []
        }
      }
    }
  ],
  "configuration_version": "1"
}